date,tipo,venta,compra
1/3/2011,Casas de cambio,4.0000,
1/3/2011,Informal,4.1100,
1/4/2011,Casas de cambio,4.0000,
1/4/2011,Informal,4.1200,
1/5/2011,Casas de cambio,4.0000,
1/5/2011,Informal,4.1380,
1/6/2011,Casas de cambio,4.0000,
1/6/2011,Informal,4.1380,
1/7/2011,Casas de cambio,4.0000,
1/7/2011,Informal,4.1200,
1/10/2011,Casas de cambio,4.0000,
1/10/2011,Informal,4.1130,
1/11/2011,Casas de cambio,4.0000,
1/11/2011,Informal,4.1300,
1/12/2011,Casas de cambio,4.0000,
1/12/2011,Informal,4.1300,
1/13/2011,Casas de cambio,4.0000,
1/13/2011,Informal,4.1350,
1/14/2011,Casas de cambio,4.0000,
1/14/2011,Informal,4.1350,
1/17/2011,Casas de cambio,4.0000,
1/17/2011,Informal,4.1300,
1/18/2011,Casas de cambio,4.0000,
1/18/2011,Informal,4.1450,
1/19/2011,Casas de cambio,4.0000,
1/19/2011,Informal,4.1480,
1/20/2011,Casas de cambio,4.0050,
1/20/2011,Informal,4.1500,
1/21/2011,Casas de cambio,4.0050,
1/21/2011,Informal,4.1450,
1/24/2011,Casas de cambio,4.0100,
1/24/2011,Informal,4.1430,
1/25/2011,Casas de cambio,4.0100,
1/25/2011,Informal,4.1430,
1/26/2011,Casas de cambio,4.0100,
1/26/2011,Informal,4.1480,
1/27/2011,Casas de cambio,4.0150,
1/27/2011,Informal,4.1500,
1/28/2011,Casas de cambio,4.0200,
1/28/2011,Informal,4.1500,
1/31/2011,Casas de cambio,4.0200,
1/31/2011,Informal,4.1350,
2/1/2011,Casas de cambio,4.0300,
2/1/2011,Informal,4.1330,
2/2/2011,Casas de cambio,4.0350,
2/2/2011,Informal,4.1180,
2/3/2011,Casas de cambio,4.0350,
2/3/2011,Informal,4.1150,
2/4/2011,Casas de cambio,4.0400,
2/4/2011,Informal,4.1180,
2/7/2011,Casas de cambio,4.0400,
2/7/2011,Informal,4.1180,
2/8/2011,Casas de cambio,4.0400,
2/8/2011,Informal,4.1350,
2/9/2011,Casas de cambio,4.0400,
2/9/2011,Informal,4.1350,
2/10/2011,Casas de cambio,4.0400,
2/10/2011,Informal,4.1380,
2/11/2011,Casas de cambio,4.0400,
2/11/2011,Informal,4.1450,
2/14/2011,Casas de cambio,4.0400,
2/14/2011,Informal,4.1430,
2/15/2011,Casas de cambio,4.0500,
2/15/2011,Informal,4.1580,
2/16/2011,Casas de cambio,4.0500,
2/16/2011,Informal,4.1680,
2/17/2011,Casas de cambio,4.0500,
2/17/2011,Informal,4.1780,
2/18/2011,Casas de cambio,4.0500,
2/18/2011,Informal,4.1780,
2/21/2011,Casas de cambio,4.0500,
2/21/2011,Informal,4.1630,
2/22/2011,Casas de cambio,4.0500,
2/22/2011,Informal,4.1630,
2/23/2011,Casas de cambio,4.0500,
2/23/2011,Informal,4.1650,
2/24/2011,Casas de cambio,4.0550,
2/24/2011,Informal,4.1730,
2/25/2011,Casas de cambio,4.0550,
2/25/2011,Informal,4.1650,
2/28/2011,Casas de cambio,4.0550,
2/28/2011,Informal,4.1530,
3/1/2011,Casas de cambio,4.0550,
3/1/2011,Informal,4.1530,
3/2/2011,Casas de cambio,4.0550,
3/2/2011,Informal,4.1480,
3/3/2011,Casas de cambio,4.0600,
3/3/2011,Informal,4.1430,
3/4/2011,Casas de cambio,4.0600,
3/4/2011,Informal,4.1330,
3/9/2011,Casas de cambio,4.0600,
3/9/2011,Informal,4.1150,
3/10/2011,Casas de cambio,4.0600,
3/10/2011,Informal,4.1130,
3/11/2011,Casas de cambio,4.0600,
3/11/2011,Informal,4.1430,
3/14/2011,Casas de cambio,4.0600,
3/14/2011,Informal,4.1400,
3/15/2011,Casas de cambio,4.0600,
3/15/2011,Informal,4.1630,
3/16/2011,Casas de cambio,4.0650,
3/16/2011,Informal,4.1650,
3/17/2011,Casas de cambio,4.0650,
3/17/2011,Informal,4.1630,
3/18/2011,Casas de cambio,4.0650,
3/18/2011,Informal,4.1550,
3/21/2011,Casas de cambio,4.0650,
3/21/2011,Informal,4.1630,
3/22/2011,Casas de cambio,4.0650,
3/22/2011,Informal,4.1580,
3/23/2011,Casas de cambio,4.0650,
3/23/2011,Informal,4.1650,
3/28/2011,Casas de cambio,4.0650,
3/28/2011,Informal,4.1650,
3/29/2011,Casas de cambio,4.0650,
3/29/2011,Informal,4.1650,
3/30/2011,Casas de cambio,4.0700,
3/30/2011,Informal,4.1600,
3/31/2011,Casas de cambio,4.0700,
3/31/2011,Informal,4.1580,
4/1/2011,Casas de cambio,4.0700,
4/1/2011,Informal,4.1550,
4/4/2011,Casas de cambio,4.0700,
4/4/2011,Informal,4.1580,
4/5/2011,Casas de cambio,4.0700,
4/5/2011,Informal,4.1580,
4/6/2011,Casas de cambio,4.0750,
4/6/2011,Informal,4.1600,
4/7/2011,Casas de cambio,4.0750,
4/7/2011,Informal,4.1600,
4/8/2011,Casas de cambio,4.0750,
4/8/2011,Informal,4.1600,
4/11/2011,Casas de cambio,4.0750,
4/11/2011,Informal,4.1630,
4/12/2011,Casas de cambio,4.0750,
4/12/2011,Informal,4.1730,
4/13/2011,Casas de cambio,4.0800,
4/13/2011,Informal,4.1800,
4/14/2011,Casas de cambio,4.0850,
4/14/2011,Informal,4.2030,
4/15/2011,Casas de cambio,4.0900,
4/15/2011,Informal,4.2030,
4/18/2011,Casas de cambio,4.0950,
4/18/2011,Informal,4.2030,
4/19/2011,Casas de cambio,4.0950,
4/19/2011,Informal,4.2150,
4/20/2011,Casas de cambio,4.1000,
4/20/2011,Informal,4.2230,
4/25/2011,Casas de cambio,4.1000,
4/25/2011,Informal,4.2480,
4/26/2011,Casas de cambio,4.1000,
4/26/2011,Informal,4.2750,
4/27/2011,Casas de cambio,4.1050,
4/27/2011,Informal,4.2850,
4/28/2011,Casas de cambio,4.1050,
4/28/2011,Informal,4.3250,
4/29/2011,Casas de cambio,4.1050,
4/29/2011,Informal,4.3050,
5/2/2011,Casas de cambio,4.1100,
5/2/2011,Informal,4.2650,
5/3/2011,Casas de cambio,4.1100,
5/3/2011,Informal,4.2850,
5/4/2011,Casas de cambio,4.1100,
5/4/2011,Informal,4.2730,
5/5/2011,Casas de cambio,4.1100,
5/5/2011,Informal,4.2700,
5/6/2011,Casas de cambio,4.1100,
5/6/2011,Informal,4.2680,
5/9/2011,Casas de cambio,4.1100,
5/9/2011,Informal,4.2680,
5/10/2011,Casas de cambio,4.1100,
5/10/2011,Informal,4.2750,
5/11/2011,Casas de cambio,4.1100,
5/11/2011,Informal,4.2830,
5/12/2011,Casas de cambio,4.1100,
5/12/2011,Informal,4.2850,
5/13/2011,Casas de cambio,4.1100,
5/13/2011,Informal,4.2880,
5/16/2011,Casas de cambio,4.1150,
5/16/2011,Informal,4.2930,
5/17/2011,Casas de cambio,4.1150,
5/17/2011,Informal,4.3150,
5/18/2011,Casas de cambio,4.1200,
5/18/2011,Informal,4.3200,
5/19/2011,Casas de cambio,4.1200,
5/19/2011,Informal,4.3330,
5/20/2011,Casas de cambio,4.1200,
5/20/2011,Informal,4.3330,
5/23/2011,Casas de cambio,4.1200,
5/23/2011,Informal,4.3400,
5/24/2011,Casas de cambio,4.1200,
5/24/2011,Informal,4.3500,
5/26/2011,Casas de cambio,4.1200,
5/26/2011,Informal,4.3430,
5/27/2011,Casas de cambio,4.1200,
5/27/2011,Informal,4.3430,
5/30/2011,Casas de cambio,4.1200,
5/30/2011,Informal,4.3250,
5/31/2011,Casas de cambio,4.1200,
5/31/2011,Informal,4.2980,
6/1/2011,Casas de cambio,4.1200,
6/1/2011,Informal,4.3050,
6/2/2011,Casas de cambio,4.1200,
6/2/2011,Informal,4.2950,
6/3/2011,Casas de cambio,4.1250,
6/3/2011,Informal,4.2830,
6/6/2011,Casas de cambio,4.1250,
6/6/2011,Informal,4.2680,
6/7/2011,Casas de cambio,4.1250,
6/7/2011,Informal,4.2630,
6/8/2011,Casas de cambio,4.1250,
6/8/2011,Informal,4.2750,
6/9/2011,Casas de cambio,4.1250,
6/9/2011,Informal,4.2630,
6/10/2011,Casas de cambio,4.1250,
6/10/2011,Informal,4.2600,
6/13/2011,Casas de cambio,4.1300,
6/13/2011,Informal,4.2630,
6/14/2011,Casas de cambio,4.1300,
6/14/2011,Informal,4.2880,
6/15/2011,Casas de cambio,4.1300,
6/15/2011,Informal,4.3080,
6/16/2011,Casas de cambio,4.1300,
6/16/2011,Informal,4.3100,
6/17/2011,Casas de cambio,4.1300,
6/17/2011,Informal,4.3000,
6/21/2011,Casas de cambio,4.1300,
6/21/2011,Informal,4.2930,
6/22/2011,Casas de cambio,4.1300,
6/22/2011,Informal,4.2980,
6/23/2011,Casas de cambio,4.1300,
6/23/2011,Informal,4.3000,
6/24/2011,Casas de cambio,4.1300,
6/24/2011,Informal,4.3000,
6/27/2011,Casas de cambio,4.1300,
6/27/2011,Informal,4.2900,
6/28/2011,Casas de cambio,4.1300,
6/28/2011,Informal,4.2900,
6/29/2011,Casas de cambio,4.1400,
6/29/2011,Informal,4.2900,
6/30/2011,Casas de cambio,4.1400,
6/30/2011,Informal,4.2730,
7/1/2011,Casas de cambio,4.1400,
7/1/2011,Informal,4.2750,
7/4/2011,Casas de cambio,4.1400,
7/4/2011,Informal,4.2680,
7/5/2011,Casas de cambio,4.1400,
7/5/2011,Informal,4.2600,
7/6/2011,Casas de cambio,4.1450,
7/6/2011,Informal,4.2700,
7/7/2011,Casas de cambio,4.1500,
7/7/2011,Informal,4.2630,
7/8/2011,Casas de cambio,4.1500,
7/8/2011,Informal,4.2630,
7/11/2011,Casas de cambio,4.1500,
7/11/2011,Informal,4.2600,
7/12/2011,Casas de cambio,4.1550,
7/12/2011,Informal,4.2700,
7/13/2011,Casas de cambio,4.1550,
7/13/2011,Informal,4.2800,
7/14/2011,Casas de cambio,4.1550,
7/14/2011,Informal,4.2850,
7/15/2011,Casas de cambio,4.1550,
7/15/2011,Informal,4.2930,
7/18/2011,Casas de cambio,4.1550,
7/18/2011,Informal,4.2900,
7/19/2011,Casas de cambio,4.1550,
7/19/2011,Informal,4.3130,
7/20/2011,Casas de cambio,4.1600,
7/20/2011,Informal,4.3150,
7/21/2011,Casas de cambio,4.1650,
7/21/2011,Informal,4.3180,
7/22/2011,Casas de cambio,4.1650,
7/22/2011,Informal,4.3200,
7/25/2011,Casas de cambio,4.1650,
7/25/2011,Informal,4.3250,
7/26/2011,Casas de cambio,4.1650,
7/26/2011,Informal,4.3430,
7/27/2011,Casas de cambio,4.1650,
7/27/2011,Informal,4.3480,
7/28/2011,Casas de cambio,4.1700,
7/28/2011,Informal,4.3400,
7/29/2011,Casas de cambio,4.1700,
7/29/2011,Informal,4.3400,
8/1/2011,Casas de cambio,4.1700,
8/1/2011,Informal,4.3230,
8/2/2011,Casas de cambio,4.1700,
8/2/2011,Informal,4.3250,
8/3/2011,Casas de cambio,4.1750,
8/3/2011,Informal,4.3280,
8/4/2011,Casas de cambio,4.1800,
8/4/2011,Informal,4.3200,
8/5/2011,Casas de cambio,4.1800,
8/5/2011,Informal,4.3200,
8/8/2011,Casas de cambio,4.1800,
8/8/2011,Informal,4.3050,
8/9/2011,Casas de cambio,4.1800,
8/9/2011,Informal,4.3400,
8/10/2011,Casas de cambio,4.1850,
8/10/2011,Informal,4.3530,
8/11/2011,Casas de cambio,4.1900,
8/11/2011,Informal,4.3450,
8/12/2011,Casas de cambio,4.1900,
8/12/2011,Informal,4.3500,
8/15/2011,Informal,4.3350,
8/15/2011,Casas de cambio,4.1900,
8/16/2011,Casas de cambio,4.1900,
8/16/2011,Informal,4.3530,
8/17/2011,Casas de cambio,4.1900,
8/17/2011,Informal,4.3600,
8/18/2011,Casas de cambio,4.1950,
8/18/2011,Informal,4.3730,
8/19/2011,Casas de cambio,4.2000,
8/19/2011,Informal,4.3700,
8/23/2011,Casas de cambio,4.2050,
8/23/2011,Informal,4.3680,
8/24/2011,Casas de cambio,4.2100,
8/24/2011,Informal,4.3900,
8/25/2011,Casas de cambio,4.2100,
8/25/2011,Informal,4.4230,
8/26/2011,Casas de cambio,4.2100,
8/26/2011,Informal,4.4380,
8/29/2011,Casas de cambio,4.2150,
8/29/2011,Informal,4.4430,
8/30/2011,Casas de cambio,4.2200,
8/30/2011,Informal,4.4430,
8/31/2011,Casas de cambio,4.2200,
8/31/2011,Informal,4.4300,
9/1/2011,Casas de cambio,4.2400,
9/1/2011,Informal,4.4150,
9/2/2011,Casas de cambio,4.2450,
9/2/2011,Informal,4.4280,
9/5/2011,Casas de cambio,4.2500,
9/5/2011,Informal,4.4180,
9/6/2011,Casas de cambio,4.2500,
9/6/2011,Informal,4.4180,
9/7/2011,Casas de cambio,4.2500,
9/7/2011,Informal,4.4280,
9/8/2011,Casas de cambio,4.2400,
9/8/2011,Informal,4.4280,
9/9/2011,Casas de cambio,4.2400,
9/9/2011,Informal,4.4300,
9/12/2011,Casas de cambio,4.2400,
9/12/2011,Informal,4.4330,
9/13/2011,Casas de cambio,4.2400,
9/13/2011,Informal,4.4350,
9/14/2011,Casas de cambio,4.2400,
9/14/2011,Informal,4.4350,
9/15/2011,Casas de cambio,4.2400,
9/15/2011,Informal,4.4400,
9/16/2011,Casas de cambio,4.2400,
9/16/2011,Informal,4.4400,
9/19/2011,Casas de cambio,4.2400,
9/19/2011,Informal,4.4430,
9/20/2011,Casas de cambio,4.2300,
9/20/2011,Informal,4.4430,
9/21/2011,Casas de cambio,4.2300,
9/21/2011,Informal,4.4380,
9/22/2011,Casas de cambio,4.2300,
9/22/2011,Informal,4.4480,
9/23/2011,Casas de cambio,4.2300,
9/23/2011,Informal,4.4850,
9/26/2011,Casas de cambio,4.2400,
9/26/2011,Informal,4.4730,
9/27/2011,Casas de cambio,4.2350,
9/27/2011,Informal,4.4500,
9/28/2011,Casas de cambio,4.2400,
9/28/2011,Informal,4.4530,
9/29/2011,Casas de cambio,4.2400,
9/29/2011,Informal,4.4330,
9/30/2011,Casas de cambio,4.2400,
9/30/2011,Informal,4.4330,
10/3/2011,Casas de cambio,4.2400,
10/3/2011,Informal,4.4230,
10/4/2011,Casas de cambio,4.2350,
10/4/2011,Informal,4.4380,
10/5/2011,Casas de cambio,4.2400,
10/5/2011,Informal,4.4330,
10/6/2011,Casas de cambio,4.2450,
10/6/2011,Informal,4.4050,
10/7/2011,Casas de cambio,4.2450,
10/7/2011,Informal,4.3980,
10/11/2011,Casas de cambio,4.2450,
10/11/2011,Informal,4.3930,
10/12/2011,Casas de cambio,4.2400,
10/12/2011,Informal,4.3780,
10/13/2011,Casas de cambio,4.2450,
10/13/2011,Informal,4.4250,
10/14/2011,Casas de cambio,4.2450,
10/14/2011,Informal,4.4280,
10/17/2011,Casas de cambio,4.2500,
10/17/2011,Informal,4.4130,
10/18/2011,Casas de cambio,4.2500,
10/18/2011,Informal,4.4180,
10/19/2011,Casas de cambio,4.2600,
10/19/2011,Informal,4.4530,
10/20/2011,Casas de cambio,4.2600,
10/20/2011,Informal,4.4680,
10/21/2011,Casas de cambio,4.2650,
10/21/2011,Informal,4.4700,
10/24/2011,Casas de cambio,4.2650,
10/24/2011,Informal,4.4600,
10/25/2011,Casas de cambio,4.2650,
10/25/2011,Informal,4.4650,
10/26/2011,Casas de cambio,4.2650,
10/26/2011,Informal,4.4750,
10/27/2011,Casas de cambio,4.2650,
10/27/2011,Informal,4.4950,
10/28/2011,Casas de cambio,4.2650,
10/28/2011,Informal,4.4880,
10/31/2011,Casas de cambio,4.2650,
10/31/2011,Informal,4.4880,
11/1/2011,Casas de cambio,4.2700,
11/1/2011,Informal,4.6200,
11/2/2011,Casas de cambio,4.2700,
11/2/2011,Informal,4.6900,
11/3/2011,Casas de cambio,4.2750,
11/3/2011,Informal,4.6800,
11/4/2011,Casas de cambio,4.2750,
11/4/2011,Informal,4.6700,
11/7/2011,Casas de cambio,4.2800,
11/7/2011,Informal,4.6750,
11/8/2011,Casas de cambio,4.2800,
11/8/2011,Informal,4.7500,
11/9/2011,Casas de cambio,4.2850,
11/9/2011,Informal,4.8700,
11/10/2011,Casas de cambio,4.2850,
11/10/2011,Informal,4.9950,
11/11/2011,Casas de cambio,4.2900,
11/11/2011,Informal,4.9850,
11/14/2011,Casas de cambio,4.2900,
11/14/2011,Informal,4.7900,
11/15/2011,Casas de cambio,4.2950,
11/15/2011,Informal,4.7900,
11/16/2011,Casas de cambio,4.2950,
11/16/2011,Informal,4.7900,
11/17/2011,Casas de cambio,4.2900,
11/17/2011,Informal,4.7900,
11/18/2011,Casas de cambio,4.2850,
11/18/2011,Informal,4.7900,
11/21/2011,Casas de cambio,4.2850,
11/21/2011,Informal,4.7900,
11/22/2011,Casas de cambio,4.2800,
11/22/2011,Informal,4.7900,
11/23/2011,Casas de cambio,4.2800,
11/23/2011,Informal,4.7900,
11/24/2011,Casas de cambio,4.2800,
11/24/2011,Informal,4.7900,
11/25/2011,Casas de cambio,4.2800,
11/25/2011,Informal,4.7900,
11/29/2011,Casas de cambio,4.2900,
11/29/2011,Informal,4.7900,
11/30/2011,Casas de cambio,4.3000,
11/30/2011,Informal,4.7900,
12/1/2011,Casas de cambio,4.3000,
12/1/2011,Informal,4.7900,
12/2/2011,Casas de cambio,4.3050,
12/2/2011,Informal,4.7900,
12/5/2011,Casas de cambio,4.3050,
12/5/2011,Informal,4.7900,
12/6/2011,Casas de cambio,4.3050,
12/6/2011,Informal,4.7900,
12/7/2011,Casas de cambio,4.3050,
12/7/2011,Informal,4.7900,
12/12/2011,Casas de cambio,4.3050,
12/12/2011,Informal,4.7900,
12/13/2011,Casas de cambio,4.3050,
12/13/2011,Informal,4.7900,
12/14/2011,Casas de cambio,4.3050,
12/14/2011,Informal,4.6100,
12/15/2011,Casas de cambio,4.3050,
12/15/2011,Informal,4.6200,
12/16/2011,Casas de cambio,4.3100,
12/16/2011,Informal,4.6100,
12/19/2011,Casas de cambio,4.3100,
12/19/2011,Informal,4.6400,
12/20/2011,Casas de cambio,4.3100,
12/20/2011,Informal,4.6300,
12/21/2011,Casas de cambio,4.3100,
12/21/2011,Informal,4.6300,
12/22/2011,Casas de cambio,4.3100,
12/22/2011,Informal,4.6500,
12/23/2011,Casas de cambio,4.3100,
12/23/2011,Informal,4.6700,
12/26/2011,Casas de cambio,4.3100,
12/26/2011,Informal,4.6500,
12/27/2011,Casas de cambio,4.3100,
12/27/2011,Informal,4.7100,
12/28/2011,Casas de cambio,4.3200,
12/28/2011,Informal,4.7400,
12/29/2011,Casas de cambio,4.3200,
12/29/2011,Informal,4.7350,
1/3/2012,Casas de cambio,4.3250,
1/3/2012,Informal,4.7450,
1/4/2012,Casas de cambio,4.3250,
1/4/2012,Informal,4.7800,
1/5/2012,Casas de cambio,4.3300,
1/5/2012,Informal,4.7900,
1/6/2012,Casas de cambio,4.3350,
1/6/2012,Informal,4.7850,
1/9/2012,Casas de cambio,4.3400,
1/9/2012,Informal,4.7900,
1/10/2012,Casas de cambio,4.3400,
1/10/2012,Informal,4.7900,
1/11/2012,Casas de cambio,4.3400,
1/11/2012,Informal,4.8000,
1/12/2012,Casas de cambio,4.3400,
1/12/2012,Informal,4.8000,
1/13/2012,Casas de cambio,4.3400,
1/13/2012,Informal,4.8050,
1/16/2012,Casas de cambio,4.3400,
1/16/2012,Informal,4.8050,
1/17/2012,Casas de cambio,4.3400,
1/17/2012,Informal,4.8100,
1/18/2012,Casas de cambio,4.3400,
1/18/2012,Informal,4.8250,
1/19/2012,Casas de cambio,4.3400,
1/19/2012,Informal,4.8350,
1/20/2012,Casas de cambio,4.3400,
1/20/2012,Informal,4.8350,
1/23/2012,Casas de cambio,4.3450,
1/23/2012,Informal,4.8400,
1/24/2012,Casas de cambio,4.3450,
1/24/2012,Informal,4.8400,
1/25/2012,Casas de cambio,4.3500,
1/25/2012,Informal,4.8400,
1/26/2012,Casas de cambio,4.3550,
1/26/2012,Informal,4.8450,
1/27/2012,Casas de cambio,4.3550,
1/27/2012,Informal,4.8350,
1/30/2012,Casas de cambio,4.3550,
1/30/2012,Informal,4.8050,
1/31/2012,Casas de cambio,4.3550,
1/31/2012,Informal,4.7900,
2/1/2012,Casas de cambio,4.3550,
2/1/2012,Informal,4.7750,
2/2/2012,Casas de cambio,4.3550,
2/2/2012,Informal,4.7750,
2/3/2012,Casas de cambio,4.3550,
2/3/2012,Informal,4.7750,
2/6/2012,Casas de cambio,4.3550,
2/6/2012,Informal,4.7650,
2/7/2012,Casas de cambio,4.3550,
2/7/2012,Informal,4.7300,
2/8/2012,Casas de cambio,4.3550,
2/8/2012,Informal,4.7300,
2/9/2012,Casas de cambio,4.3650,
2/9/2012,Informal,4.7600,
2/10/2012,Casas de cambio,4.3650,
2/10/2012,Informal,4.7600,
2/13/2012,Casas de cambio,4.3650,
2/13/2012,Informal,4.7400,
2/14/2012,Casas de cambio,4.3650,
2/14/2012,Informal,4.7350,
2/15/2012,Casas de cambio,4.3650,
2/15/2012,Informal,4.7600,
2/16/2012,Casas de cambio,4.3700,
2/16/2012,Informal,4.7350,
2/17/2012,Casas de cambio,4.3700,
2/17/2012,Informal,4.7600,
2/22/2012,Casas de cambio,4.3750,
2/22/2012,Informal,4.7400,
2/23/2012,Casas de cambio,4.3750,
2/23/2012,Informal,4.7300,
2/24/2012,Casas de cambio,4.3750,
2/24/2012,Informal,4.7300,
2/28/2012,Casas de cambio,4.3750,
2/28/2012,Informal,4.7250,
2/29/2012,Casas de cambio,4.3750,
2/29/2012,Informal,4.7200,
3/1/2012,Casas de cambio,4.3750,
3/1/2012,Informal,4.7000,
3/2/2012,Casas de cambio,4.3650,
3/2/2012,Informal,4.6900,
3/5/2012,Casas de cambio,4.3650,
3/5/2012,Informal,4.6850,
3/6/2012,Casas de cambio,4.3700,
3/6/2012,Informal,4.6850,
3/7/2012,Casas de cambio,4.3700,
3/7/2012,Informal,4.7100,
3/8/2012,Casas de cambio,4.3700,
3/8/2012,Informal,4.7100,
3/9/2012,Casas de cambio,4.3700,
3/9/2012,Informal,4.7100,
3/12/2012,Casas de cambio,4.3700,
3/12/2012,Informal,4.7150,
3/13/2012,Casas de cambio,4.3700,
3/13/2012,Informal,4.7200,
3/14/2012,Casas de cambio,4.3750,
3/14/2012,Informal,4.7400,
3/15/2012,Casas de cambio,4.3750,
3/15/2012,Informal,4.7850,
3/16/2012,Casas de cambio,4.3800,
3/16/2012,Informal,4.8150,
3/19/2012,Casas de cambio,4.3800,
3/19/2012,Informal,4.7900,
3/20/2012,Casas de cambio,4.3800,
3/20/2012,Informal,4.8200,
3/21/2012,Casas de cambio,4.3850,
3/21/2012,Informal,4.8550,
3/22/2012,Casas de cambio,4.3850,
3/22/2012,Informal,4.8700,
3/23/2012,Casas de cambio,4.3900,
3/23/2012,Informal,4.8900,
3/26/2012,Casas de cambio,4.3900,
3/26/2012,Informal,4.9050,
3/27/2012,Casas de cambio,4.3950,
3/27/2012,Informal,4.9300,
3/28/2012,Casas de cambio,4.3950,
3/28/2012,Informal,4.9300,
3/29/2012,Casas de cambio,4.3950,
3/29/2012,Informal,4.9400,
3/30/2012,Casas de cambio,4.3950,
3/30/2012,Informal,4.9300,
4/3/2012,Casas de cambio,4.4000,
4/3/2012,Informal,4.8900,
4/4/2012,Casas de cambio,4.4050,
4/4/2012,Informal,4.9050,
4/9/2012,Casas de cambio,4.4050,
4/9/2012,Informal,4.8900,
4/10/2012,Casas de cambio,4.4100,
4/10/2012,Informal,4.8800,
4/11/2012,Casas de cambio,4.4100,
4/11/2012,Informal,4.8900,
4/12/2012,Casas de cambio,4.4100,
4/12/2012,Informal,4.9100,
4/13/2012,Casas de cambio,4.4100,
4/13/2012,Informal,4.9300,
4/16/2012,Casas de cambio,4.4100,
4/16/2012,Informal,4.9500,
4/17/2012,Casas de cambio,4.4100,
4/17/2012,Informal,5.0100,
4/18/2012,Casas de cambio,4.4200,
4/18/2012,Informal,5.0200,
4/19/2012,Casas de cambio,4.4250,
4/19/2012,Informal,5.0200,
4/20/2012,Casas de cambio,4.4300,
4/20/2012,Informal,5.0200,
4/23/2012,Casas de cambio,4.4300,
4/23/2012,Informal,5.0400,
4/24/2012,Casas de cambio,4.4300,
4/24/2012,Informal,5.1300,
4/25/2012,Casas de cambio,4.4300,
4/25/2012,Informal,5.1400,
4/26/2012,Casas de cambio,4.4350,
4/26/2012,Informal,5.1000,
4/27/2012,Casas de cambio,4.4350,
4/27/2012,Informal,5.0900,
5/2/2012,Casas de cambio,4.4400,
5/2/2012,Informal,5.0800,
5/3/2012,Casas de cambio,4.4400,
5/3/2012,Informal,5.0500,
5/4/2012,Casas de cambio,4.4500,
5/4/2012,Informal,5.0400,
5/7/2012,Casas de cambio,4.4550,
5/7/2012,Informal,5.0500,
5/8/2012,Casas de cambio,4.4650,
5/8/2012,Informal,5.0600,
5/9/2012,Casas de cambio,4.4700,
5/9/2012,Informal,5.0800,
5/10/2012,Casas de cambio,4.4700,
5/10/2012,Informal,5.1000,
5/11/2012,Casas de cambio,4.4700,
5/11/2012,Informal,5.1800,
5/14/2012,Casas de cambio,4.4700,
5/14/2012,Informal,5.2280,
5/15/2012,Casas de cambio,4.4480,
5/15/2012,Informal,5.5500,
5/16/2012,Casas de cambio,4.4750,
5/16/2012,Informal,5.4900,
5/17/2012,Casas de cambio,4.4750,
5/17/2012,Informal,5.5900,
5/18/2012,Casas de cambio,4.4750,
5/18/2012,Informal,5.6300,
5/21/2012,Casas de cambio,4.4800,
5/21/2012,Informal,5.7200,
5/22/2012,Casas de cambio,4.4850,
5/22/2012,Informal,5.9400,
5/23/2012,Casas de cambio,4.4900,
5/23/2012,Informal,6.1500,
5/24/2012,Casas de cambio,4.4900,
5/24/2012,Informal,5.9300,
5/28/2012,Casas de cambio,4.4950,
5/28/2012,Informal,5.8900,
5/29/2012,Casas de cambio,4.4950,
5/29/2012,Informal,5.9100,
5/30/2012,Casas de cambio,4.4950,
5/30/2012,Informal,5.9000,
5/31/2012,Casas de cambio,4.4950,
5/31/2012,Informal,5.9200,
6/1/2012,Casas de cambio,4.4950,
6/1/2012,Informal,5.9500,
6/4/2012,Casas de cambio,4.4950,
6/4/2012,Informal,5.9500,
6/5/2012,Casas de cambio,4.5000,
6/5/2012,Informal,5.9500,
6/6/2012,Casas de cambio,4.5100,
6/6/2012,Informal,5.9500,
6/7/2012,Casas de cambio,4.5150,
6/7/2012,Informal,5.9500,
6/8/2012,Casas de cambio,4.5150,
6/8/2012,Informal,5.9500,
6/11/2012,Casas de cambio,4.5150,
6/11/2012,Informal,5.9500,
6/12/2012,Casas de cambio,4.5150,
6/12/2012,Informal,5.9200,
6/13/2012,Casas de cambio,4.5150,
6/13/2012,Informal,5.9200,
6/14/2012,Casas de cambio,4.5150,
6/14/2012,Informal,5.9300,
6/15/2012,Casas de cambio,4.5150,
6/15/2012,Informal,5.9300,
6/18/2012,Casas de cambio,4.5150,
6/18/2012,Informal,5.9200,
6/19/2012,Casas de cambio,4.5150,
6/19/2012,Informal,5.9400,
6/21/2012,Casas de cambio,4.5250,
6/21/2012,Informal,5.9800,
6/22/2012,Casas de cambio,4.5250,
6/22/2012,Informal,5.9800,
6/25/2012,Casas de cambio,4.5300,
6/25/2012,Informal,5.9800,
6/26/2012,Casas de cambio,4.5300,
6/26/2012,Informal,5.9400,
6/27/2012,Casas de cambio,4.5300,
6/27/2012,Informal,5.9500,
6/28/2012,Casas de cambio,4.5400,
6/28/2012,Informal,5.9800,
6/29/2012,Casas de cambio,4.5450,
6/29/2012,Informal,5.9500,
7/2/2012,Casas de cambio,4.5500,
7/2/2012,Informal,5.9600,
7/3/2012,Casas de cambio,4.5500,
7/3/2012,Informal,5.9600,
7/4/2012,Casas de cambio,4.5600,
7/4/2012,Informal,5.9600,
7/5/2012,Casas de cambio,4.5700,
7/5/2012,Informal,5.9700,
7/11/2012,Casas de cambio,4.5750,
7/11/2012,Informal,6.0000,
7/12/2012,Casas de cambio,4.5800,
7/12/2012,Informal,6.1000,
7/13/2012,Casas de cambio,4.5800,
7/13/2012,Informal,6.1700,
7/16/2012,Casas de cambio,4.5850,
7/16/2012,Informal,6.3100,
7/17/2012,Casas de cambio,4.5850,
7/17/2012,Informal,6.5500,
7/18/2012,Casas de cambio,4.5900,
7/18/2012,Informal,6.8000,
7/19/2012,Casas de cambio,4.5800,
7/19/2012,Informal,6.8000,
7/20/2012,Casas de cambio,4.5850,
7/20/2012,Informal,6.4500,
7/23/2012,Casas de cambio,4.5850,
7/23/2012,Informal,6.4200,
7/24/2012,Casas de cambio,4.5900,
7/24/2012,Informal,6.4300,
7/25/2012,Casas de cambio,4.5950,
7/25/2012,Informal,6.4500,
7/26/2012,Casas de cambio,4.5950,
7/26/2012,Informal,6.4200,
7/27/2012,Casas de cambio,4.5950,
7/27/2012,Informal,6.4500,
7/30/2012,Casas de cambio,4.6000,
7/30/2012,Informal,6.3700,
7/31/2012,Casas de cambio,4.6000,
7/31/2012,Informal,6.3200,
8/1/2012,Casas de cambio,4.6000,
8/1/2012,Informal,6.2700,
8/2/2012,Casas de cambio,4.6050,
8/2/2012,Informal,6.2100,
8/3/2012,Casas de cambio,4.6050,
8/3/2012,Informal,6.2000,
8/6/2012,Casas de cambio,4.6100,
8/6/2012,Informal,6.2100,
8/7/2012,Casas de cambio,4.6150,
8/7/2012,Informal,6.2600,
8/8/2012,Casas de cambio,4.6150,
8/8/2012,Informal,6.2600,
8/9/2012,Casas de cambio,4.6150,
8/9/2012,Informal,6.2600,
8/10/2012,Casas de cambio,4.6200,
8/10/2012,Informal,6.2700,
8/13/2012,Casas de cambio,4.6250,
8/13/2012,Informal,6.2800,
8/14/2012,Casas de cambio,4.6300,
8/14/2012,Informal,6.3000,
8/15/2012,Casas de cambio,4.6300,
8/15/2012,Informal,6.3200,
8/16/2012,Casas de cambio,4.6300,
8/16/2012,Informal,6.3300,
8/17/2012,Casas de cambio,4.6350,
8/17/2012,Informal,6.3300,
8/21/2012,Casas de cambio,4.6350,
8/21/2012,Informal,6.3500,
8/22/2012,Casas de cambio,4.6400,
8/22/2012,Informal,6.4000,
8/23/2012,Casas de cambio,4.6400,
8/23/2012,Informal,6.4200,
8/24/2012,Casas de cambio,4.6400,
8/24/2012,Informal,6.4100,
8/27/2012,Casas de cambio,4.6400,
8/27/2012,Informal,6.3800,
8/28/2012,Casas de cambio,4.6500,
8/28/2012,Informal,6.3800,
8/29/2012,Informal,6.3700,
8/29/2012,Casas de cambio,4.6500,
8/30/2012,Informal,6.3700,
8/30/2012,Casas de cambio,4.6500,
8/31/2012,Informal,6.3700,
8/31/2012,Casas de cambio,4.6550,
9/3/2012,Informal,6.3400,
9/3/2012,Casas de cambio,4.6550,
9/4/2012,Informal,6.3500,
9/4/2012,Casas de cambio,4.6550,
9/5/2012,Informal,6.3500,
9/5/2012,Casas de cambio,4.6650,
9/6/2012,Informal,6.3400,
9/6/2012,Casas de cambio,4.6700,
9/7/2012,Informal,6.3300,
9/7/2012,Casas de cambio,4.6750,
9/10/2012,Informal,6.3300,
9/10/2012,Casas de cambio,4.6600,
9/11/2012,Informal,6.3000,
9/11/2012,Casas de cambio,4.6600,
9/12/2012,Informal,6.3200,
9/12/2012,Casas de cambio,4.6600,
9/13/2012,Informal,6.3000,
9/13/2012,Casas de cambio,4.6630,
9/14/2012,Informal,6.3100,
9/14/2012,Casas de cambio,4.6700,
9/17/2012,Informal,6.3000,
9/17/2012,Casas de cambio,4.6730,
9/18/2012,Informal,6.3100,
9/18/2012,Casas de cambio,4.6750,
9/19/2012,Casas de cambio,4.6800,
9/19/2012,Informal,6.3100,
9/20/2012,Informal,6.3200,
9/20/2012,Casas de cambio,4.6800,
9/21/2012,Informal,6.3200,
9/21/2012,Casas de cambio,4.6800,
9/25/2012,Informal,6.3200,
9/25/2012,Casas de cambio,4.6800,
9/26/2012,Informal,6.2900,
9/26/2012,Casas de cambio,4.6800,
9/27/2012,Informal,6.3000,
9/27/2012,Casas de cambio,4.6800,
9/28/2012,Informal,6.3000,
9/28/2012,Casas de cambio,4.6800,
10/1/2012,Informal,6.2600,
10/1/2012,Casas de cambio,4.6800,
10/2/2012,Informal,6.2600,
10/2/2012,Casas de cambio,4.6800,
10/3/2012,Informal,6.2500,
10/3/2012,Casas de cambio,4.6800,
10/4/2012,Informal,6.1900,
10/4/2012,Casas de cambio,4.6800,
10/5/2012,Informal,6.1800,
10/5/2012,Casas de cambio,4.6800,
10/9/2012,Informal,6.2000,
10/9/2012,Casas de cambio,4.6800,
10/10/2012,Informal,6.2100,
10/10/2012,Casas de cambio,4.6800,
10/11/2012,Informal,6.2100,
10/11/2012,Casas de cambio,4.6800,
10/12/2012,Informal,6.2000,
10/12/2012,Casas de cambio,4.6800,
10/15/2012,Informal,6.2000,
10/15/2012,Casas de cambio,4.6800,
10/16/2012,Informal,6.2200,
10/16/2012,Casas de cambio,4.6800,
10/17/2012,Informal,6.3300,
10/17/2012,Casas de cambio,4.6800,
10/18/2012,Informal,6.3200,
10/18/2012,Casas de cambio,4.7500,
10/19/2012,Informal,6.3100,
10/19/2012,Casas de cambio,4.7550,
10/22/2012,Informal,6.2800,
10/22/2012,Casas de cambio,4.7550,
10/23/2012,Informal,6.3200,
10/23/2012,Casas de cambio,4.7600,
10/24/2012,Casas de cambio,4.7650,
10/24/2012,Informal,6.3700,
10/25/2012,Casas de cambio,4.7700,
10/25/2012,Informal,6.3700,
10/26/2012,Casas de cambio,4.7700,
10/26/2012,Informal,6.3800,
10/29/2012,Casas de cambio,4.7700,
10/29/2012,Informal,6.3500,
10/30/2012,Casas de cambio,4.7750,
10/30/2012,Informal,6.3600,
10/31/2012,Casas de cambio,4.7750,
10/31/2012,Informal,6.3400,
11/1/2012,Casas de cambio,4.7850,
11/1/2012,Informal,6.3400,
11/2/2012,Casas de cambio,4.7850,
11/2/2012,Informal,6.3300,
11/5/2012,Casas de cambio,4.7900,
11/5/2012,Informal,6.3400,
11/7/2012,Casas de cambio,4.7900,
11/7/2012,Informal,6.3000,
11/8/2012,Casas de cambio,4.7900,
11/8/2012,Informal,6.3300,
11/9/2012,Casas de cambio,4.7950,
11/9/2012,Informal,6.3300,
11/12/2012,Casas de cambio,4.7950,
11/12/2012,Informal,6.3200,
11/13/2012,Casas de cambio,4.8000,
11/13/2012,Informal,6.3200,
11/14/2012,Casas de cambio,4.8050,
11/14/2012,Informal,6.3500,
11/15/2012,Casas de cambio,4.8050,
11/15/2012,Informal,6.3500,
11/16/2012,Casas de cambio,4.8100,
11/16/2012,Informal,6.4000,
11/19/2012,Casas de cambio,4.8100,
11/19/2012,Informal,6.3600,
11/20/2012,Casas de cambio,4.8150,
11/20/2012,Informal,6.3600,
11/21/2012,Casas de cambio,4.8200,
11/21/2012,Informal,6.3800,
11/22/2012,Casas de cambio,4.8350,
11/22/2012,Informal,6.4100,
11/23/2012,Casas de cambio,4.8400,
11/23/2012,Informal,6.4600,
11/27/2012,Casas de cambio,4.8500,
11/27/2012,Informal,6.4500,
11/28/2012,Casas de cambio,4.8500,
11/28/2012,Informal,6.4700,
11/29/2012,Casas de cambio,4.8550,
11/29/2012,Informal,6.4400,
11/30/2012,Casas de cambio,4.8550,
11/30/2012,Informal,6.4400,
12/3/2012,Casas de cambio,4.8550,
12/3/2012,Informal,6.4400,
12/4/2012,Casas de cambio,4.8600,
12/4/2012,Informal,6.4400,
12/5/2012,Casas de cambio,4.8650,
12/5/2012,Informal,6.4400,
12/6/2012,Casas de cambio,4.8700,
12/6/2012,Informal,6.4400,
12/7/2012,Casas de cambio,4.8750,
12/7/2012,Informal,6.4700,
12/10/2012,Casas de cambio,4.8800,
12/10/2012,Informal,6.4500,
12/11/2012,Casas de cambio,4.8800,
12/11/2012,Informal,6.4400,
12/12/2012,Casas de cambio,4.8800,
12/12/2012,Informal,6.4800,
12/13/2012,Casas de cambio,4.8850,
12/13/2012,Informal,6.5200,
12/14/2012,Casas de cambio,4.8850,
12/14/2012,Informal,6.5300,
12/17/2012,Casas de cambio,4.8950,
12/17/2012,Informal,6.5200,
12/18/2012,Casas de cambio,4.9000,
12/18/2012,Informal,6.5300,
12/19/2012,Casas de cambio,4.9000,
12/19/2012,Informal,6.5500,
12/20/2012,Casas de cambio,4.9100,
12/20/2012,Informal,6.6300,
12/21/2012,Casas de cambio,4.9100,
12/21/2012,Informal,6.6100,
12/26/2012,Casas de cambio,4.9250,
12/26/2012,Informal,6.6400,
12/27/2012,Casas de cambio,4.9250,
12/27/2012,Informal,6.7800,
12/28/2012,Casas de cambio,4.9300,
12/28/2012,Informal,6.8000,
1/2/2013,Casas de cambio,4.9350,
1/2/2013,Informal,6.9100,
1/3/2013,Casas de cambio,4.9350,
1/3/2013,Informal,7.0700,
1/4/2013,Informal,7.0700,
1/4/2013,Casas de cambio,4.9350,
1/7/2013,Informal,7.0400,
1/7/2013,Casas de cambio,4.9450,
1/8/2013,Casas de cambio,4.9450,
1/8/2013,Informal,7.0500,
1/9/2013,Casas de cambio,4.9400,
1/9/2013,Informal,7.0700,
1/10/2013,Casas de cambio,4.9550,
1/10/2013,Informal,7.2500,
1/11/2013,Casas de cambio,4.9600,
1/11/2013,Informal,7.2000,
1/14/2013,Casas de cambio,4.9600,
1/14/2013,Informal,7.2000,
1/15/2013,Casas de cambio,4.9600,
1/15/2013,Informal,7.3400,
1/16/2013,Informal,7.5000,
1/16/2013,Casas de cambio,4.9600,
1/17/2013,Informal,7.5400,
1/17/2013,Casas de cambio,4.9600,
1/18/2013,Informal,7.4700,
1/18/2013,Casas de cambio,4.9600,
1/22/2013,Informal,7.4400,
1/22/2013,Casas de cambio,4.9600,
1/23/2013,Casas de cambio,4.9750,
1/23/2013,Informal,7.5200,
1/24/2013,Casas de cambio,4.9700,
1/24/2013,Informal,7.5600,
1/25/2013,Casas de cambio,4.9800,
1/25/2013,Informal,7.6200,
1/27/2013,Casas de cambio,4.9640,
1/27/2013,Informal,7.6600,
1/28/2013,Casas de cambio,4.9800,
1/28/2013,Informal,7.6600,
1/29/2013,Casas de cambio,4.9900,
1/29/2013,Informal,7.8000,
1/30/2013,Casas de cambio,4.9800,
1/30/2013,Informal,7.9300,
2/1/2013,Casas de cambio,4.9900,
2/1/2013,Informal,7.9200,
2/4/2013,Casas de cambio,4.9900,
2/4/2013,Informal,7.7200,
2/5/2013,Casas de cambio,4.9900,
2/5/2013,Informal,7.5800,
2/6/2013,Casas de cambio,4.9900,
2/6/2013,Informal,7.7000,
2/7/2013,Casas de cambio,4.9900,
2/7/2013,Informal,7.7000,
2/8/2013,Casas de cambio,5.0050,
2/8/2013,Informal,7.6700,
2/13/2013,Casas de cambio,5.0000,
2/13/2013,Informal,7.6500,
2/14/2013,Casas de cambio,5.0100,
2/14/2013,Informal,7.6600,
2/15/2013,Informal,7.7100,
2/15/2013,Casas de cambio,5.0100,
2/18/2013,Casas de cambio,5.0250,
2/18/2013,Informal,7.7000,
2/19/2013,Casas de cambio,5.0250,
2/19/2013,Informal,7.8100,
2/21/2013,Casas de cambio,5.0350,5
2/21/2013,Informal,7.8300,
2/25/2013,Informal,7.8000,7.7800
2/25/2013,Casas de cambio,5.0450,5.0050
2/26/2013,Casas de cambio,5.0700,5.0100
2/26/2013,Informal,7.8200,7.7800
2/27/2013,Casas de cambio,5.0700,5.0200
2/27/2013,Informal,7.8200,7.8000
2/28/2013,Casas de cambio,5.0700,5.0200
2/28/2013,Informal,7.8400,7.8200
3/1/2013,Casas de cambio,5.0900,5.0400
3/1/2013,Informal,7.8400,7.8200
3/4/2013,Casas de cambio,5.0800,5.0300
3/4/2013,Informal,7.8300,7.8100
3/5/2013,Casas de cambio,5.0900,5.0400
3/5/2013,Informal,7.8200,7.8000
3/6/2013,Casas de cambio,5.0100,5.0650
3/6/2013,Informal,7.8300,7.8100
3/7/2013,Casas de cambio,5.0900,5.0400
3/7/2013,Informal,7.8200,7.8000
3/8/2013,Casas de cambio,5.0700,5.0150
3/8/2013,Informal,7.8300,7.8100
3/11/2013,Casas de cambio,5.0900,5.0400
3/11/2013,Informal,7.8200,7.8000
3/12/2013,Casas de cambio,5.0850,5.0300
3/12/2013,Informal,7.8400,7.8200
3/13/2013,Casas de cambio,5.0850,5.0300
3/13/2013,Informal,7.9200,7.9000
3/14/2013,Casas de cambio,5.0950,5.0400
3/14/2013,Informal,7.9900,7.9700
3/15/2013,Casas de cambio,5.0950,5.0400
3/15/2013,Informal,8.0500,8.0300
3/18/2013,Casas de cambio,5.1050,5.0500
3/18/2013,Informal,8.0800,8.0600
3/19/2013,Casas de cambio,5.1050,5.0500
3/19/2013,Informal,8.2700,8.2500
3/20/2013,Casas de cambio,5.1300,5.0800
3/20/2013,Informal,8.7500,8.7000
3/21/2013,Casas de cambio,5.1100,5.0550
3/21/2013,Informal,8.5000,8.4000
3/25/2013,Casas de cambio,5.0600,5.1500
3/25/2013,Informal,8.3500,8.2200
3/26/2013,Casas de cambio,5.1250,5.0700
3/26/2013,Informal,8.3000,8.2500
3/27/2013,Casas de cambio,5.1300,5.0800
3/27/2013,Informal,8.4700,8.3800
4/3/2013,Casas de cambio,5.1400,5.1000
4/3/2013,Informal,8.3000,8.2500
4/4/2013,Casas de cambio,5.1400,5.1050
4/4/2013,Informal,8.3200,8.3000
4/5/2013,Casas de cambio,5.1400,5.1050
4/5/2013,Informal,8.4000,8.3700
4/8/2013,Casas de cambio,5.1450,5.1050
4/8/2013,Informal,8.3300,8.3000
4/9/2013,Casas de cambio,5.1450,5.1100
4/9/2013,Informal,8.3700,8.3400
4/10/2013,Casas de cambio,5.1500,5.1100
4/10/2013,Informal,8.3900,8.3700
4/11/2013,Casas de cambio,5.1550,5.1150
4/11/2013,Informal,8.4400,8.4200
4/12/2013,Casas de cambio,5.1400,5.1150
4/12/2013,Informal,8.4300,8.4100
4/15/2013,Casas de cambio,5.1600,5.1200
4/15/2013,Informal,8.4200,8.4000
4/16/2013,Casas de cambio,5.1650,5.1300
4/16/2013,Informal,8.5200,8.5000
4/17/2013,Casas de cambio,5.1700,5.1300
4/17/2013,Informal,8.7000,8.6700
4/18/2013,Casas de cambio,5.1700,5.1300
4/18/2013,Informal,8.6600,8.6300
4/19/2013,Casas de cambio,5.1700,5.1300
4/19/2013,Informal,8.6300,8.6000
4/22/2013,Casas de cambio,5.1750,5.1350
4/22/2013,Informal,8.6700,8.6300
4/23/2013,Casas de cambio,5.1750,5.1350
4/23/2013,Informal,8.8600,8.8200
4/24/2013,Casas de cambio,5.1850,5.1450
4/24/2013,Informal,8.9400,8.9100
4/25/2013,Casas de cambio,5.1850,5.1450
4/25/2013,Informal,9.2000,9.1600
4/26/2013,Casas de cambio,5.1850,5.1500
4/26/2013,Informal,9.3400,9.3000
4/29/2013,Casas de cambio,5.1900,5.1500
4/29/2013,Informal,9.3000,9.2700
4/30/2013,Casas de cambio,5.1950,5.1550
4/30/2013,Informal,9.4000,9.3700
5/2/2013,Casas de cambio,5.2000,5.1600
5/2/2013,Informal,9.6300,9.6000
5/3/2013,Casas de cambio,5.2100,5.1700
5/3/2013,Informal,9.8800,9.8400
5/6/2013,Casas de cambio,5.2200,5.1800
5/6/2013,Informal,9.8700,9.8300
5/7/2013,Casas de cambio,5.2200,5.1800
5/7/2013,Informal,10.0800,10.0400
5/8/2013,Casas de cambio,5.2250,5.1850
5/8/2013,Informal,10.4500,10.4000
5/9/2013,Casas de cambio,5.2300,5.1900
5/9/2013,Informal,10.0300,9.9800
5/10/2013,Casas de cambio,5.2400,5.2000
5/10/2013,Informal,10.0300,9.9800
5/13/2013,Casas de cambio,5.2500,5.2100
5/13/2013,Informal,10.0300,9.9800
5/14/2013,Casas de cambio,5.2500,5.2100
5/14/2013,Informal,9.2000,9.1500
5/15/2013,Casas de cambio,5.2500,5.2100
5/15/2013,Informal,9.0500,9.0000
5/16/2013,Casas de cambio,5.2450,5.1900
5/16/2013,Informal,8.9500,8.9000
5/17/2013,Casas de cambio,5.2450,5.1900
5/17/2013,Informal,8.9500,8.9000
5/20/2013,Casas de cambio,5.2500,5.1900
5/20/2013,Informal,8.9000,8.8600
5/21/2013,Casas de cambio,5.2550,5.2000
5/21/2013,Informal,8.5800,8.5300
5/22/2013,Casas de cambio,5.2650,5.2100
5/22/2013,Informal,8.4300,8.3800
5/23/2013,Casas de cambio,5.2700,5.2150
5/23/2013,Informal,8.8000,8.7500
5/24/2013,Casas de cambio,5.2750,5.2200
5/24/2013,Informal,8.9500,8.9000
5/27/2013,Casas de cambio,5.2750,5.2200
5/27/2013,Informal,8.9200,8.8700
5/28/2013,Casas de cambio,5.2800,5.2250
5/28/2013,Informal,8.8800,8.8300
5/29/2013,Casas de cambio,5.2800,5.2250
5/29/2013,Informal,8.8800,8.8300
5/30/2013,Casas de cambio,5.2900,5.2350
5/30/2013,Informal,8.8700,8.8200
5/31/2013,Casas de cambio,5.2900,5.2350
5/31/2013,Informal,8.8000,8.7500
6/3/2013,Casas de cambio,5.2950,5.2400
6/3/2013,Informal,8.6000,8.5500
6/4/2013,Casas de cambio,5.2950,5.2400
6/4/2013,Informal,8.5000,8.4500
6/5/2013,Casas de cambio,5.3000,5.2450
6/5/2013,Informal,8.5500,8.5000
6/6/2013,Casas de cambio,5.3000,5.2450
6/6/2013,Informal,8.5700,8.5200
6/7/2013,Casas de cambio,5.3000,5.2450
6/7/2013,Informal,8.5700,8.5200
6/10/2013,Casas de cambio,5.3150,5.2600
6/10/2013,Informal,8.5700,8.5200
6/11/2013,Casas de cambio,5.3200,5.2650
6/11/2013,Informal,8.5700,8.5200
6/12/2013,Casas de cambio,5.3250,5.2700
6/12/2013,Informal,8.5700,8.5200
6/13/2013,Casas de cambio,5.3350,5.2800
6/13/2013,Informal,8.5700,8.5200
6/14/2013,Casas de cambio,5.3350,5.2800
6/14/2013,Informal,8.5700,8.5200
6/17/2013,Casas de cambio,5.3400,5.2900
6/17/2013,Informal,8.5700,8.5200
6/18/2013,Casas de cambio,5.3500,5.2950
6/18/2013,Informal,8.5700,8.5200
6/19/2013,Casas de cambio,5.3550,5.3000
6/19/2013,Informal,8.5700,8.5200
6/24/2013,Casas de cambio,5.3700,5.3150
6/24/2013,Informal,8.0500,8.0000
6/25/2013,Casas de cambio,5.3700,5.3150
6/25/2013,Informal,8.1300,8.0800
6/26/2013,Casas de cambio,5.3750,5.3200
6/26/2013,Informal,8.1300,8.0800
6/27/2013,Casas de cambio,5.3850,5.3300
6/27/2013,Informal,8.1300,8.0800
6/28/2013,Casas de cambio,5.3900,5.3350
6/28/2013,Informal,8.1300,8.0800
7/1/2013,Casas de cambio,5.3950,5.3400
7/1/2013,Informal,8.0500,8.0000
7/2/2013,Casas de cambio,5.4000,5.3450
7/2/2013,Informal,7.9300,7.8800
7/3/2013,Casas de cambio,5.4000,5.3450
7/3/2013,Informal,7.9500,7.9000
7/4/2013,Casas de cambio,5.4150,5.3600
7/4/2013,Informal,7.9800,7.9300
7/5/2013,Casas de cambio,5.4150,5.3580
7/5/2013,Informal,7.9600,7.9200
7/8/2013,Casas de cambio,5.4150,5.3550
7/8/2013,Informal,7.9800,7.7930
7/10/2013,Casas de cambio,5.4200,5.3600
7/10/2013,Informal,8.0900,8.0200
7/11/2013,Casas de cambio,5.4250,5.3650
7/11/2013,Informal,8.2000,8.1600
7/12/2013,Casas de cambio,5.4300,5.3700
7/12/2013,Informal,8.3000,8.2500
7/15/2013,Casas de cambio,5.4400,5.3800
7/15/2013,Informal,8.5800,8.5300
7/16/2013,Casas de cambio,5.4450,5.3850
7/16/2013,Informal,8.7500,8.7000
7/17/2013,Casas de cambio,5.4450,5.3850
7/17/2013,Informal,8.8500,8.8000
7/22/2013,Casas de cambio,5.4600,5.4100
7/22/2013,Informal,8.8500,8.8000
7/23/2013,Casas de cambio,5.4900,5.4400
7/23/2013,Informal,8.6600,8.6100
7/29/2013,Casas de cambio,5.5000,5.4400
7/29/2013,Informal,8.6600,8.6100
7/30/2013,Casas de cambio,5.5050,5.4450
7/30/2013,Informal,8.6300,8.5700
7/31/2013,Casas de cambio,5.5100,5.4500
7/31/2013,Informal,8.6400,8.5800
8/5/2013,Casas de cambio,5.5200,5.4700
8/5/2013,Informal,8.5600,8.5100
8/8/2013,Casas de cambio,5.5400,5.4900
8/8/2013,Informal,8.9000,8.6000
8/9/2013,Casas de cambio,5.5500,5.5000
8/9/2013,Informal,8.8200,8.7800
8/12/2013,Casas de cambio,5.5600,5.5100
8/12/2013,Informal,8.7500,8.7000
8/13/2013,Casas de cambio,5.5600,5.5200
8/13/2013,Informal,8.7900,8.7300
8/14/2013,Casas de cambio,5.5700,5.5200
8/14/2013,Informal,8.9400,8.8900
8/15/2013,Casas de cambio,5.5800,5.5200
8/15/2013,Informal,8.9500,8.9000
8/16/2013,Casas de cambio,5.5800,5.5200
8/16/2013,Informal,8.9500,8.9000
8/20/2013,Casas de cambio,5.6000,5.5600
8/20/2013,Informal,8.9700,8.9300
8/21/2013,Casas de cambio,5.6100,5.5700
8/21/2013,Informal,9.0400,8.9800
8/22/2013,Casas de cambio,5.6100,5.5700
8/22/2013,Informal,9.1400,9.0800
8/23/2013,Casas de cambio,5.6200,5.5800
8/23/2013,Informal,9.2000,9.1400
8/26/2013,Casas de cambio,5.6400,5.5800
8/26/2013,Informal,9.2000,9.1400
8/27/2013,Casas de cambio,5.6400,5.5800
8/27/2013,Informal,9.5200,9.4000
8/28/2013,Casas de cambio,5.6500,5.5900
8/28/2013,Informal,9.5000,9.4500
9/2/2013,Casas de cambio,5.6800,5.6300
9/2/2013,Informal,9.3000,9.4500
9/5/2013,Casas de cambio,5.7100,5.6800
9/5/2013,Informal,9.2700,9.2300
9/6/2013,Casas de cambio,5.7100,5.6500
9/6/2013,Informal,9.3000,9.2500
9/10/2013,Casas de cambio,5.7100,5.6500
9/10/2013,Informal,9.1600,9.1100
9/11/2013,Casas de cambio,5.7200,5.6800
9/11/2013,Informal,9.2500,9.2000
9/12/2013,Casas de cambio,5.7300,5.6700
9/12/2013,Informal,9.2600,9.2100
9/16/2013,Casas de cambio,5.7400,5.6800
9/16/2013,Informal,9.3000,9.2500
9/17/2013,Casas de cambio,5.7400,5.6800
9/17/2013,Informal,9.3000,9.2500
9/18/2013,Casas de cambio,5.7400,5.6800
9/18/2013,Informal,9.3300,9.2500
9/19/2013,Casas de cambio,5.7600,5.6900
9/19/2013,Informal,9.3500,9.2700
9/20/2013,Casas de cambio,5.7600,5.7100
9/20/2013,Informal,9.4000,9.3200
9/23/2013,Casas de cambio,5.7700,5.7200
9/23/2013,Informal,9.4000,9.3200
9/24/2013,Casas de cambio,5.7700,5.7300
9/24/2013,Informal,9.4200,9.3400
9/25/2013,Casas de cambio,5.7700,5.7300
9/25/2013,Informal,9.5600,9.4800
9/26/2013,Casas de cambio,5.7700,5.7300
9/26/2013,Informal,9.5400,9.4600
9/30/2013,Casas de cambio,5.7900,5.7500
9/30/2013,Informal,9.5400,9.4600
10/1/2013,Casas de cambio,5.7900,5.7500
10/1/2013,Informal,9.5400,9.4600
10/2/2013,Casas de cambio,5.8000,5.7600
10/2/2013,Informal,9.5400,9.4600
10/3/2013,Casas de cambio,5.8100,5.7700
10/3/2013,Informal,9.6000,9.5200
10/8/2013,Casas de cambio,5.8200,5.7700
10/8/2013,Informal,9.5800,9.5000
10/10/2013,Casas de cambio,5.8300,5.7800
10/10/2013,Informal,9.7200,9.6400
10/15/2013,Casas de cambio,5.8300,5.7800
10/15/2013,Informal,9.8200,9.7400
10/16/2013,Casas de cambio,5.8400,5.7900
10/16/2013,Informal,9.6000,9.5200
10/21/2013,Casas de cambio,5.8600,5.8200
10/21/2013,Informal,9.9000,9.8200
10/22/2013,Casas de cambio,5.8700,5.8300
10/22/2013,Informal,10.0000,9.8800
10/25/2013,Casas de cambio,5.8700,5.8300
10/25/2013,Informal,10.1000,9.8800
10/28/2013,Casas de cambio,5.8900,5.8400
10/28/2013,Informal,10.0800,10.0000
10/29/2013,Casas de cambio,5.8900,5.8400
10/29/2013,Informal,9.9200,9.8200
10/30/2013,Casas de cambio,5.9000,5.8400
10/30/2013,Informal,9.9200,9.8200
10/31/2013,Casas de cambio,5.9100,5.8500
10/31/2013,Informal,9.9800,9.9000
11/5/2013,Casas de cambio,5.9500,5.9000
11/5/2013,Informal,9.9300,9.8500
11/11/2013,Casas de cambio,5.9700,5.9200
11/11/2013,Informal,9.8700,9.7900
11/12/2013,Casas de cambio,5.9700,5.9200
11/12/2013,Informal,9.8300,9.7500
11/13/2013,Casas de cambio,5.9800,5.9300
11/13/2013,Informal,9.8200,9.7600
11/14/2013,Casas de cambio,5.9800,5.9300
11/14/2013,Informal,9.8600,9.7800
11/19/2013,Casas de cambio,6.0300,5.9800
11/19/2013,Informal,9.8700,9.7900
11/20/2013,Casas de cambio,6.0300,5.9800
11/20/2013,Informal,9.9200,9.8400
11/21/2013,Casas de cambio,6.0500,6.0000
11/21/2013,Informal,9.9300,9.8500
11/26/2013,Casas de cambio,6.0800,6.0300
11/26/2013,Informal,9.9200,9.8400
11/27/2013,Casas de cambio,6.0900,6.0400
11/27/2013,Informal,9.8100,9.7300
11/28/2013,Casas de cambio,6.1200,6.0700
11/28/2013,Informal,9.6300,9.5800
12/2/2013,Casas de cambio,6.1600,6.1400
12/2/2013,Informal,9.1800,9.1000
12/3/2013,Casas de cambio,6.1700,6.1400
12/3/2013,Informal,9.3000,9.2000
12/4/2013,Casas de cambio,6.2050,6.1550
12/4/2013,Informal,9.6000,9.5400
12/5/2013,Casas de cambio,6.2400,6.1900
12/5/2013,Informal,9.5000,9.4500
12/9/2013,Casas de cambio,6.2400,6.1900
12/9/2013,Informal,9.5000,9.4500
12/10/2013,Casas de cambio,6.2600,6.2100
12/10/2013,Informal,9.5800,9.5000
12/11/2013,Casas de cambio,6.2700,6.2200
12/11/2013,Informal,9.5500,9.4700
12/12/2013,Casas de cambio,6.2800,6.2300
12/12/2013,Informal,9.5700,9.5000
12/13/2013,Casas de cambio,6.2900,6.2500
12/13/2013,Informal,9.5500,9.5000
12/16/2013,Casas de cambio,6.3000,6.2500
12/16/2013,Informal,9.6000,9.5200
12/19/2013,Casas de cambio,6.4050,6.3550
12/19/2013,Informal,9.7300,9.6800
12/20/2013,Casas de cambio,6.4200,6.3700
12/20/2013,Informal,9.6500,9.6000
12/23/2013,Casas de cambio,6.4300,6.3800
12/23/2013,Informal,9.6500,9.6000
12/26/2013,Casas de cambio,6.4500,6.4000
12/26/2013,Informal,9.7000,9.6500
12/27/2013,Casas de cambio,6.4500,6.5000
12/27/2013,Informal,9.9200,9.9700
12/30/2013,Casas de cambio,6.5200,6.4700
12/30/2013,Informal,10.0000,9.8000
1/2/2014,Casas de cambio,6.5450,6.4950
1/2/2014,Informal,10.0000,9.9500
1/3/2014,Casas de cambio,6.5650,6.5150
1/3/2014,Informal,10.1700,10.1200
1/6/2014,Casas de cambio,6.5650,6.5150
1/6/2014,Informal,10.3000,10.2500
1/7/2014,Casas de cambio,6.6100,6.5600
1/7/2014,Informal,10.9000,10.7000
1/8/2014,Casas de cambio,6.6150,6.5650
1/8/2014,Informal,10.7000,10.6500
1/9/2014,Casas de cambio,6.6300,6.5800
1/9/2014,Informal,10.8000,10.6000
1/10/2014,Casas de cambio,6.6550,6.6050
1/10/2014,Informal,10.8000,10.7500
1/13/2014,Casas de cambio,6.6800,6.6300
1/13/2014,Informal,10.7900,10.7500
1/14/2014,Casas de cambio,6.7200,6.6700
1/14/2014,Informal,10.9500,10.8700
1/15/2014,Casas de cambio,6.7600,6.7200
1/15/2014,Informal,11.2100,11.1500
1/16/2014,Casas de cambio,6.7900,6.7400
1/16/2014,Informal,11.4100,11.3800
1/17/2014,Casas de cambio,6.8150,6.7650
1/17/2014,Informal,11.8000,11.7500
1/20/2014,Casas de cambio,6.8400,6.7900
1/20/2014,Informal,11.6500,11.6000
1/21/2014,Casas de cambio,6.9000,6.8500
1/21/2014,Informal,11.8500,11.7000
1/22/2014,Casas de cambio,7.1400,7.1000
1/22/2014,Informal,12.1500,12.0000
1/23/2014,Casas de cambio,8.0000,7.9500
1/23/2014,Informal,13.0000,12.8000
1/24/2014,Casas de cambio,8.0000,7.8500
1/24/2014,Informal,11.7000,11.0000
1/27/2014,Casas de cambio,8.0150,8.0100
1/27/2014,Informal,12.1500,11.3000
1/28/2014,Casas de cambio,8.0200,7.9200
1/28/2014,Informal,12.5000,11.6000
1/29/2014,Casas de cambio,8.0200,7.8700
1/29/2014,Informal,12.9000,12.3000
1/30/2014,Casas de cambio,8.0300,7.9800
1/30/2014,Informal,12.7500,12.7000
1/31/2014,Casas de cambio,8.0250,7.9750
1/31/2014,Informal,12.6500,11.0000
2/3/2014,Casas de cambio,8.0250,8.0100
2/3/2014,Informal,12.5500,12.0000
2/4/2014,Casas de cambio,8.0150,7.9600
2/4/2014,Informal,12.5500,12.0000
2/5/2014,Casas de cambio,7.9500,7.8200
2/5/2014,Informal,12.5000,12.3000
2/6/2014,Casas de cambio,7.9100,7.8600
2/6/2014,Informal,12.4000,11.4000
2/7/2014,Casas de cambio,7.8700,7.8200
2/7/2014,Informal,12.2500,11.7500
2/10/2014,Casas de cambio,7.8500,7.8000
2/10/2014,Informal,11.8500,11.7500
2/11/2014,Casas de cambio,7.8300,7.7300
2/11/2014,Informal,11.7000,11.4000
2/12/2014,Casas de cambio,7.8300,7.7300
2/12/2014,Informal,12.1000,12.0000
2/13/2014,Casas de cambio,7.8200,7.7300
2/13/2014,Informal,12.1500,12.5000
2/14/2014,Casas de cambio,7.8000,7.7500
2/14/2014,Informal,11.7000,11.6000
2/17/2014,Casas de cambio,7.7900,7.7400
2/17/2014,Informal,11.7200,11.6200
2/18/2014,Casas de cambio,7.7800,7.7300
2/18/2014,Informal,11.7800,11.6800
2/19/2014,Casas de cambio,7.7700,7.7200
2/19/2014,Informal,11.8000,11.7000
2/20/2014,Casas de cambio,7.8000,7.7500
2/20/2014,Informal,11.8000,11.7000
2/24/2014,Casas de cambio,7.8400,7.7900
2/24/2014,Informal,11.7500,11.6500
2/25/2014,Casas de cambio,7.8700,7.8200
2/25/2014,Informal,11.6500,11.5500
2/26/2014,Casas de cambio,7.8900,7.8400
2/26/2014,Informal,11.5500,11.5000
2/27/2014,Casas de cambio,7.8900,7.8400
2/27/2014,Informal,11.5500,11.5000
2/28/2014,Casas de cambio,7.8950,7.8350
2/28/2014,Informal,11.2500,11.2000
3/5/2014,Casas de cambio,7.9000,7.8000
3/5/2014,Informal,10.5500,10.5000
3/6/2014,Casas de cambio,7.9000,7.8000
3/6/2014,Informal,11.0000,10.8000
3/7/2014,Casas de cambio,7.9000,7.8000
3/7/2014,Informal,11.1500,11.1000
3/10/2014,Casas de cambio,7.8700,7.8200
3/10/2014,Informal,11.0500,10.9500
3/11/2014,Casas de cambio,7.8700,7.8200
3/11/2014,Informal,11.0500,10.9500
3/12/2014,Casas de cambio,7.8900,7.8400
3/12/2014,Informal,10.8500,10.7000
3/13/2014,Casas de cambio,7.8800,7.8300
3/13/2014,Informal,10.9000,10.8000
3/17/2014,Casas de cambio,7.9200,7.8700
3/17/2014,Informal,10.9500,10.8500
3/18/2014,Casas de cambio,7.9300,7.8800
3/18/2014,Informal,10.9000,10.8000
3/18/2014,Bolsa,10.0900,10.0900
3/19/2014,Casas de cambio,7.9600,7.9100
3/19/2014,Informal,10.9000,10.8000
3/19/2014,Bolsa,10.0800,10.0800
3/20/2014,Casas de cambio,7.9600,7.9100
3/20/2014,Informal,10.9000,10.8000
3/20/2014,Bolsa,10.0800,10.0800
3/21/2014,Casas de cambio,7.9950,7.9450
3/21/2014,Informal,10.9500,10.8500
3/25/2014,Casas de cambio,8.0200,7.9200
3/25/2014,Informal,10.9000,10.8000
3/25/2014,Bolsa,10.2200,10.2200
3/26/2014,Casas de cambio,8.0300,7.9300
3/26/2014,Informal,10.9000,10.8000
3/26/2014,Bolsa,10.3400,10.3400
3/27/2014,Casas de cambio,8.0100,7.9100
3/27/2014,Informal,10.9000,10.8000
3/27/2014,Bolsa,10.4000,10.4000
3/31/2014,Casas de cambio,8.0100,7.9160
3/31/2014,Informal,10.8500,10.7500
3/31/2014,Bolsa,10.1700,10.1700
4/3/2014,Casas de cambio,8.0100,7.9600
4/3/2014,Informal,10.8000,10.7000
4/3/2014,Bolsa,10.3400,10.3400
4/7/2014,Casas de cambio,8.0100,7.9600
4/7/2014,Informal,10.7000,10.6000
4/7/2014,Bolsa,10.1300,10.1300
4/8/2014,Casas de cambio,8.0300,7.9600
4/8/2014,Informal,10.4000,10.3000
4/8/2014,Bolsa,9.8700,9.8700
4/9/2014,Casas de cambio,8.0300,7.9600
4/9/2014,Informal,10.3000,10.2000
4/9/2014,Bolsa,9.8600,9.8600
4/10/2014,Casas de cambio,8.0100,7.9600
4/10/2014,Informal,10.3000,10.2000
4/10/2014,Bolsa,9.8400,9.8400
4/14/2014,Casas de cambio,8.0100,7.9600
4/14/2014,Informal,10.3800,10.2800
4/14/2014,Bolsa,9.9800,9.9800
4/15/2014,Casas de cambio,8.0300,7.9600
4/15/2014,Informal,10.4500,10.2500
4/15/2014,Bolsa,10.0300,10.0300
4/16/2014,Casas de cambio,8.0100,7.9600
4/16/2014,Informal,10.4000,10.2500
4/16/2014,Bolsa,10.0000,10.0000
4/21/2014,Casas de cambio,8.0100,7.9600
4/21/2014,Informal,10.4000,10.2500
4/21/2014,Bolsa,10.0000,10.0000
4/22/2014,Casas de cambio,8.0100,7.9600
4/22/2014,Informal,10.4000,10.2500
4/22/2014,Bolsa,9.9400,9.9400
4/23/2014,Casas de cambio,8.0300,7.9300
4/23/2014,Informal,10.5500,10.3500
4/23/2014,Bolsa,9.8400,9.8400
4/24/2014,Casas de cambio,8.0100,7.9600
4/24/2014,Informal,10.5000,10.4000
4/24/2014,Bolsa,9.8400,9.8400
4/28/2014,Casas de cambio,8.0100,7.9600
4/28/2014,Informal,10.7500,10.6500
4/28/2014,Bolsa,9.9700,9.9700
4/29/2014,Casas de cambio,8.0100,7.9600
4/29/2014,Informal,10.7000,10.6000
4/29/2014,Bolsa,9.9700,9.9700
4/30/2014,Casas de cambio,8.0300,7.9600
4/30/2014,Informal,10.5000,10.3000
4/30/2014,Bolsa,9.9700,9.9700
5/5/2014,Casas de cambio,8.0100,7.9600
5/5/2014,Informal,10.5500,10.3500
5/5/2014,Bolsa,10.2200,10.2200
5/6/2014,Casas de cambio,8.0100,7.9600
5/6/2014,Informal,10.5000,10.3000
5/6/2014,Bolsa,10.1700,10.1700
5/7/2014,Casas de cambio,8.0300,7.9600
5/7/2014,Informal,10.7000,10.5000
5/7/2014,Bolsa,10.0700,10.0700
5/8/2014,Casas de cambio,8.0100,7.9600
5/8/2014,Informal,10.7500,10.5500
5/8/2014,Bolsa,10.0300,10.0300
5/9/2014,Casas de cambio,8.0200,7.9700
5/9/2014,Informal,10.7000,10.6000
5/12/2014,Casas de cambio,8.0200,7.9600
5/12/2014,Informal,10.6000,10.4000
5/12/2014,Bolsa,10.0300,10.0300
5/13/2014,Casas de cambio,8.0400,7.9700
5/13/2014,Informal,10.8000,10.6000
5/13/2014,Bolsa,10.0300,10.0300
5/14/2014,Casas de cambio,8.0400,7.9700
5/14/2014,Informal,10.7500,10.6500
5/14/2014,Bolsa,10.0500,10.0500
5/15/2014,Casas de cambio,8.0800,7.9800
5/15/2014,Informal,10.9000,10.7500
5/15/2014,Bolsa,10.7700,10.7700
5/16/2014,Casas de cambio,8.0800,8.0200
5/16/2014,Informal,11.0000,10.9000
5/19/2014,Casas de cambio,8.1000,8.0200
5/19/2014,Informal,11.3000,11.1000
5/19/2014,Bolsa,11.2000,11.2000
5/20/2014,Casas de cambio,8.0900,8.0200
5/20/2014,Informal,11.7000,11.5000
5/20/2014,Bolsa,11.2400,11.2400
5/21/2014,Casas de cambio,8.0900,7.9900
5/21/2014,Informal,12.1000,12.0000
5/21/2014,Bolsa,11.3700,11.3700
5/22/2014,Casas de cambio,8.0700,7.9900
5/22/2014,Informal,11.9000,11.8000
5/22/2014,Bolsa,11.3700,11.3700
5/23/2014,Casas de cambio,8.0750,8.0250
5/23/2014,Informal,11.3700,11.2700
5/26/2014,Casas de cambio,8.0800,7.9900
5/26/2014,Informal,11.5000,11.4000
5/26/2014,Bolsa,11.2100,11.2100
5/27/2014,Casas de cambio,8.1100,8.0100
5/27/2014,Informal,11.7000,11.5000
5/27/2014,Bolsa,11.4400,11.4400
5/28/2014,Casas de cambio,8.0800,8.0100
5/28/2014,Informal,11.9500,11.6500
5/28/2014,Bolsa,11.4700,11.4700
5/29/2014,Casas de cambio,8.0900,8.0200
5/29/2014,Informal,11.8000,11.7000
5/29/2014,Bolsa,11.3600,11.3600
5/30/2014,Casas de cambio,8.0950,8.0450
5/30/2014,Informal,11.4000,11.3000
6/2/2014,Casas de cambio,8.1000,8.0500
6/2/2014,Informal,11.4000,11.3000
6/2/2014,Bolsa,11.3600,11.3600
6/3/2014,Casas de cambio,8.1100,8.0600
6/3/2014,Informal,11.5000,11.4000
6/3/2014,Bolsa,10.9000,10.9000
6/4/2014,Casas de cambio,8.1200,8.0700
6/4/2014,Informal,11.5500,11.4500
6/4/2014,Bolsa,10.9000,10.9000
6/5/2014,Casas de cambio,8.1400,8.0900
6/5/2014,Informal,11.5500,11.4500
6/5/2014,Bolsa,10.9000,10.9000
6/6/2014,Casas de cambio,8.1500,8.0900
6/6/2014,Informal,11.5500,11.4500
6/6/2014,Bolsa,10.9000,10.9000
6/10/2014,Casas de cambio,8.1500,8.1000
6/10/2014,Informal,11.6000,11.5000
6/11/2014,Casas de cambio,8.1500,8.1000
6/11/2014,Informal,11.6000,11.5000
6/12/2014,Casas de cambio,8.1500,8.1000
6/12/2014,Informal,11.6000,11.5000
6/13/2014,Casas de cambio,8.1500,8.1000
6/13/2014,Informal,11.6500,11.6000
6/16/2014,Casas de cambio,8.1500,8.1100
6/16/2014,Informal,11.8500,11.7500
6/17/2014,Casas de cambio,8.1500,8.1000
6/17/2014,Informal,12.2000,12.1500
6/17/2014,Bolsa,11.5600,11.5200
6/18/2014,Casas de cambio,8.1500,8.1000
6/18/2014,Informal,12.3000,12.2000
6/18/2014,Bolsa,11.5400,11.5400
6/19/2014,Casas de cambio,8.1500,8.1000
6/19/2014,Informal,12.4000,12.3500
6/19/2014,Bolsa,11.2400,11.2400
6/23/2014,Casas de cambio,8.1500,8.1000
6/23/2014,Informal,11.8000,11.7000
6/23/2014,Bolsa,11.0600,11.0600
6/24/2014,Casas de cambio,8.1500,8.1000
6/24/2014,Informal,12.0000,11.9000
6/24/2014,Bolsa,10.8000,10.8000
6/25/2014,Casas de cambio,8.1500,8.1000
6/25/2014,Informal,12.0500,12.0000
6/25/2014,Bolsa,11.0600,11.0600
6/26/2014,Casas de cambio,8.1500,8.1000
6/26/2014,Informal,12.0500,12.0000
6/26/2014,Bolsa,10.9600,10.9600
6/27/2014,Casas de cambio,8.1500,8.1000
6/27/2014,Informal,12.1500,12.0500
6/30/2014,Casas de cambio,8.1500,8.1000
6/30/2014,Informal,12.1000,12.0000
6/30/2014,Bolsa,11.1000,11.1000
7/1/2014,Casas de cambio,8.1500,8.1000
7/1/2014,Informal,12.0500,12.0000
7/2/2014,Casas de cambio,8.1600,8.1100
7/2/2014,Informal,12.0000,11.8000
7/2/2014,Bolsa,11.0700,11.0700
7/3/2014,Casas de cambio,8.1500,8.1000
7/3/2014,Informal,11.9500,11.8500
7/4/2014,Casas de cambio,8.1500,8.1000
7/4/2014,Informal,11.9500,11.8500
7/7/2014,Casas de cambio,8.1600,8.1100
7/7/2014,Informal,11.9500,11.8500
7/7/2014,Bolsa,10.8800,10.8800
7/8/2014,Casas de cambio,8.1600,8.1100
7/8/2014,Informal,11.9500,11.8500
7/8/2014,Bolsa,10.8800,10.8800
7/10/2014,Casas de cambio,8.1700,8.1200
7/10/2014,Informal,12.0000,11.9000
7/10/2014,Bolsa,10.6000,10.6000
7/11/2014,Casas de cambio,8.1700,8.1100
7/11/2014,Informal,11.9000,11.8000
7/14/2014,Casas de cambio,8.1700,8.1200
7/14/2014,Informal,12.0000,11.9000
7/14/2014,Bolsa,10.9200,10.9200
7/15/2014,Casas de cambio,8.1700,8.1200
7/15/2014,Informal,12.1000,12.0000
7/15/2014,Bolsa,10.9400,10.9400
7/16/2014,Casas de cambio,8.1700,8.1200
7/16/2014,Informal,12.2000,12.1000
7/17/2014,Casas de cambio,8.1700,8.1200
7/17/2014,Informal,12.2500,12.1500
7/17/2014,Bolsa,11.1100,11.1100
7/18/2014,Casas de cambio,8.1700,8.1200
7/18/2014,Informal,12.2500,12.1500
7/21/2014,Casas de cambio,8.1800,8.1300
7/21/2014,Informal,12.2000,12.1000
7/21/2014,Bolsa,11.1100,11.1100
7/22/2014,Casas de cambio,8.1800,8.1300
7/22/2014,Informal,12.5000,12.3000
7/22/2014,Bolsa,11.0600,11.0600
7/23/2014,Casas de cambio,8.1800,8.1300
7/23/2014,Informal,12.6000,12.3000
7/23/2014,Bolsa,11.1000,11.1000
7/24/2014,Casas de cambio,8.1800,8.1300
7/24/2014,Informal,12.5500,12.3000
7/24/2014,Bolsa,11.1000,11.1000
7/25/2014,Casas de cambio,8.1900,8.1400
7/25/2014,Informal,12.6000,12.5000
7/28/2014,Casas de cambio,8.2000,8.1500
7/28/2014,Informal,12.9000,12.8000
7/29/2014,Casas de cambio,8.2100,8.1600
7/29/2014,Informal,12.8000,12.7000
7/30/2014,Casas de cambio,8.2200,8.1800
7/30/2014,Informal,12.3000,12.1500
7/30/2014,Bolsa,11.0200,11.0200
7/31/2014,Casas de cambio,8.2200,8.1200
7/31/2014,Informal,12.8000,12.6000
7/31/2014,Bolsa,11.3100,11.3100
8/1/2014,Casas de cambio,8.2300,8.1800
8/1/2014,Informal,12.7000,12.6000
8/4/2014,Casas de cambio,8.2800,8.2300
8/4/2014,Informal,12.7000,12.6000
8/4/2014,Bolsa,11.3100,11.3100
8/5/2014,Casas de cambio,8.2800,8.2300
8/5/2014,Informal,12.7000,12.6000
8/5/2014,Bolsa,11.3100,11.3100
8/6/2014,Casas de cambio,8.2800,8.2700
8/6/2014,Informal,12.8000,12.7000
8/6/2014,Bolsa,11.6700,11.6700
8/7/2014,Casas de cambio,8.2800,8.2700
8/7/2014,Informal,12.8000,12.7000
8/7/2014,Bolsa,11.6700,11.6700
8/11/2014,Casas de cambio,8.2900,8.2700
8/11/2014,Informal,12.8000,12.7000
8/11/2014,Bolsa,11.6700,11.6700
8/12/2014,Casas de cambio,8.2900,8.2700
8/12/2014,Informal,12.8000,12.7000
8/12/2014,Bolsa,12.5000,11.6700
8/13/2014,Casas de cambio,8.2900,8.2400
8/13/2014,Informal,13.1500,12.9500
8/13/2014,Bolsa,12.6000,12.6000
8/14/2014,Casas de cambio,8.2900,8.2400
8/14/2014,Informal,13.2500,13.1500
8/14/2014,Bolsa,12.6000,12.6000
8/15/2014,Casas de cambio,8.2900,8.2400
8/15/2014,Informal,13.2000,13.1000
8/19/2014,Casas de cambio,8.3000,8.2500
8/19/2014,Informal,13.2000,13.1000
8/19/2014,Bolsa,12.4700,12.4700
8/20/2014,Casas de cambio,8.3300,8.2300
8/20/2014,Informal,13.4000,13.2000
8/20/2014,Bolsa,12.8700,12.8700
8/21/2014,Casas de cambio,8.4000,8.3500
8/21/2014,Informal,13.9500,13.8500
8/21/2014,Bolsa,13.1900,13.1900
8/22/2014,Casas de cambio,8.4400,8.3700
8/22/2014,Informal,13.8800,13.6000
8/25/2014,Casas de cambio,8.4400,8.4000
8/25/2014,Informal,13.9800,13.8800
8/25/2014,Bolsa,13.1600,13.1600
8/26/2014,Casas de cambio,8.4200,8.3700
8/26/2014,Informal,14.2000,13.9500
8/26/2014,Bolsa,13.3700,13.3700
8/27/2014,Casas de cambio,8.4200,8.3700
8/27/2014,Informal,14.3800,14.2800
8/27/2014,Bolsa,13.8100,13.8100
8/28/2014,Casas de cambio,8.4200,8.3700
8/28/2014,Informal,14.4000,14.2000
8/28/2014,Bolsa,13.0900,13.0900
8/29/2014,Casas de cambio,8.4200,8.3700
8/29/2014,Informal,14.0500,13.9500
8/29/2014,Bolsa,13.0900,13.0900
9/1/2014,Casas de cambio,8.4200,8.3700
9/1/2014,Informal,14.2000,14.1000
9/1/2014,Bolsa,13.0900,13.0900
9/2/2014,Casas de cambio,8.4200,8.3700
9/2/2014,Informal,14.2500,14.1500
9/2/2014,Bolsa,13.0600,13.0600
9/3/2014,Casas de cambio,8.4200,8.3700
9/3/2014,Informal,14.2000,14.1000
9/3/2014,Bolsa,13.0600,13.0600
9/4/2014,Casas de cambio,8.4200,8.3700
9/4/2014,Informal,14.0000,13.9000
9/4/2014,Bolsa,13.0600,13.0600
9/8/2014,Casas de cambio,8.4200,8.3700
9/8/2014,Informal,14.1500,14.0500
9/8/2014,Bolsa,12.6100,12.6100
9/9/2014,Casas de cambio,8.4200,8.3700
9/9/2014,Informal,14.2500,14.1500
9/9/2014,Bolsa,13.4900,13.4900
9/10/2014,Casas de cambio,8.4200,8.3700
9/10/2014,Informal,14.2500,14.1500
9/10/2014,Bolsa,13.4900,13.4900
9/11/2014,Casas de cambio,8.4200,8.3700
9/11/2014,Informal,14.2500,14.1500
9/11/2014,Bolsa,13.6400,13.6400
9/15/2014,Casas de cambio,8.4200,8.3700
9/15/2014,Informal,14.4500,14.2500
9/15/2014,Bolsa,13.6400,13.6400
9/16/2014,Casas de cambio,8.4200,8.3700
9/16/2014,Informal,14.7000,14.5000
9/16/2014,Bolsa,13.6400,13.6400
9/17/2014,Casas de cambio,8.4300,8.3700
9/17/2014,Informal,15.0000,14.8000
9/18/2014,Casas de cambio,8.4300,8.3800
9/18/2014,Informal,15.1000,15.0000
9/18/2014,Bolsa,13.6400,13.6400
9/19/2014,Casas de cambio,8.4300,8.3800
9/19/2014,Informal,15.0000,14.9000
9/22/2014,Casas de cambio,8.4500,8.4000
9/22/2014,Informal,15.1500,15.0500
9/23/2014,Casas de cambio,8.4300,8.4000
9/23/2014,Informal,15.4500,15.2000
9/23/2014,Bolsa,14.7100,14.7100
9/24/2014,Casas de cambio,8.4300,8.4000
9/24/2014,Informal,15.8000,15.6000
9/25/2014,Casas de cambio,8.4200,8.3900
9/25/2014,Informal,15.7800,15.5000
9/25/2014,Bolsa,14.4700,14.4700
9/26/2014,Casas de cambio,8.4600,8.4100
9/26/2014,Informal,15.7500,15.6500
9/26/2014,Bolsa,14.8600,14.8600
9/29/2014,Informal,15.6000,15.6500
9/29/2014,Bolsa,15.0200,14.8600
9/29/2014,Casas de cambio,8.4800,8.4100
9/30/2014,Casas de cambio,8.4300,8.4000
9/30/2014,Informal,15.6700,15.5000
9/30/2014,Bolsa,15.0500,15.0500
10/1/2014,Casas de cambio,8.4500,8.3300
10/1/2014,Informal,15.6500,15.4500
10/1/2014,Bolsa,14.5400,14.5400
10/2/2014,Casas de cambio,8.4400,8.3300
10/2/2014,Informal,15.6000,15.4000
10/2/2014,Bolsa,14.2000,14.2000
10/3/2014,Casas de cambio,8.4800,8.4300
10/3/2014,Informal,15.3000,15.2000
10/3/2014,Bolsa,14.1300,14.0700
10/6/2014,Casas de cambio,8.4700,8.4300
10/6/2014,Informal,14.9500,14.6000
10/6/2014,Bolsa,13.9000,13.9000
10/7/2014,Casas de cambio,8.4700,8.4300
10/7/2014,Informal,14.7000,14.5000
10/7/2014,Bolsa,13.8200,13.8200
10/8/2014,Casas de cambio,8.4800,8.4300
10/8/2014,Informal,14.6500,14.5000
10/8/2014,Bolsa,13.8300,13.8300
10/9/2014,Casas de cambio,8.4800,8.4300
10/9/2014,Informal,14.8000,14.6000
10/9/2014,Bolsa,13.2800,13.2800
10/10/2014,Casas de cambio,8.4800,8.4300
10/10/2014,Informal,14.8300,14.6000
10/10/2014,Bolsa,13.2800,13.2800
10/14/2014,Casas de cambio,8.4800,8.4300
10/14/2014,Informal,14.8000,14.6000
10/14/2014,Bolsa,13.1000,13.1000
10/15/2014,Casas de cambio,8.4800,8.4300
10/15/2014,Informal,14.7300,14.7000
10/15/2014,Bolsa,13.1500,13.1500
10/16/2014,Casas de cambio,8.4800,8.4300
10/16/2014,Informal,14.7000,14.6700
10/16/2014,Bolsa,13.5300,13.1500
10/17/2014,Casas de cambio,8.4800,8.4400
10/17/2014,Informal,14.7000,14.6500
10/17/2014,Bolsa,13.5200,13.1500
10/20/2014,Casas de cambio,8.4800,8.4400
10/20/2014,Informal,14.8000,14.6000
10/20/2014,Bolsa,13.7000,13.7000
10/21/2014,Casas de cambio,8.4800,8.4500
10/21/2014,Informal,14.6800,14.5800
10/21/2014,Bolsa,13.6300,13.6300
10/22/2014,Casas de cambio,8.5000,8.4600
10/22/2014,Informal,14.7000,14.6000
10/22/2014,Bolsa,13.5900,13.5900
10/23/2014,Casas de cambio,8.4900,8.4900
10/23/2014,Informal,14.6900,14.5800
10/23/2014,Bolsa,13.2700,13.2700
10/24/2014,Casas de cambio,8.4900,8.4900
10/24/2014,Informal,14.7000,14.5800
10/24/2014,Bolsa,13.3700,13.3700
10/27/2014,Casas de cambio,8.5000,8.4900
10/27/2014,Informal,14.6800,14.5800
10/27/2014,Bolsa,13.5700,13.5700
10/28/2014,Casas de cambio,8.5000,8.4900
10/28/2014,Informal,14.6200,14.5800
10/28/2014,Bolsa,13.6700,13.6700
10/29/2014,Casas de cambio,8.5000,8.4900
10/29/2014,Informal,14.5300,14.5000
10/29/2014,Bolsa,13.2000,13.2000
10/29/2014,Casas de cambio,8.5000,8.4000
10/29/2014,Informal,14.3000,14.1000
10/29/2014,Bolsa,13.1100,13.1100
11/3/2014,Casas de cambio,8.5100,8.4300
11/3/2014,Informal,13.9000,13.9000
11/3/2014,Bolsa,13.1000,13.1000
11/4/2014,Casas de cambio,8.5200,8.4700
11/4/2014,Informal,13.6000,13.5000
11/4/2014,Bolsa,13.3500,13.3500
11/5/2014,Casas de cambio,8.5100,8.4700
11/5/2014,Informal,13.5000,13.4800
11/5/2014,Bolsa,13.3500,13.3500
11/6/2014,Casas de cambio,8.5000,8.4700
11/6/2014,Informal,13.5000,13.5000
11/6/2014,Bolsa,13.2700,13.2700
11/7/2014,Casas de cambio,8.5100,8.5100
11/7/2014,Informal,13.1000,13.0800
11/7/2014,Bolsa,13.2700,13.2700
11/10/2014,Casas de cambio,8.5200,8.5000
11/10/2014,Informal,12.4000,12.3500
11/10/2014,Bolsa,12.9400,12.9400
11/11/2014,Casas de cambio,8.5100,8.5000
11/11/2014,Informal,13.1500,12.9500
11/11/2014,Bolsa,12.6400,12.6400
11/12/2014,Casas de cambio,8.5100,8.5000
11/12/2014,Informal,13.1500,12.9500
11/12/2014,Bolsa,12.7000,12.7000
11/13/2014,Casas de cambio,8.5100,8.4700
11/13/2014,Informal,13.4500,13.2000
11/13/2014,Bolsa,12.4000,12.4000
11/14/2014,Casas de cambio,8.5100,8.4700
11/14/2014,Informal,13.3800,13.2000
11/14/2014,Bolsa,12.3000,12.3000
11/17/2014,Casas de cambio,8.5100,8.4700
11/17/2014,Informal,13.3800,13.3500
11/17/2014,Bolsa,12.3000,12.3000
11/18/2014,Casas de cambio,8.5200,8.4700
11/18/2014,Informal,13.4800,13.3800
11/18/2014,Bolsa,12.2700,12.2700
11/19/2014,Casas de cambio,8.5200,8.4800
11/19/2014,Informal,13.5500,13.4500
11/19/2014,Bolsa,11.9800,11.9800
11/20/2014,Casas de cambio,8.5200,8.5000
11/20/2014,Informal,13.5500,13.4500
11/20/2014,Bolsa,11.9900,11.9900
11/21/2014,Casas de cambio,8.5200,8.4800
11/21/2014,Informal,13.3800,13.2800
11/21/2014,Bolsa,11.9500,11.9500
11/25/2014,Casas de cambio,8.5200,8.4800
11/25/2014,Informal,13.3800,13.2800
11/25/2014,Bolsa,12.0600,12.0600
11/26/2014,Casas de cambio,8.5300,8.5000
11/26/2014,Informal,13.3000,13.2800
11/26/2014,Bolsa,11.8400,11.8400
11/27/2014,Casas de cambio,8.5200,8.5000
11/27/2014,Informal,13.3000,13.2800
11/27/2014,Bolsa,11.9300,11.9300
12/1/2014,Casas de cambio,8.5300,8.4300
12/1/2014,Informal,13.0000,12.8000
12/1/2014,Bolsa,11.9200,11.9200
12/2/2014,Casas de cambio,8.5400,8.4400
12/2/2014,Informal,12.9000,12.7000
12/2/2014,Bolsa,11.9900,11.9900
12/3/2014,Casas de cambio,8.5400,8.4400
12/3/2014,Informal,13.0800,12.9800
12/3/2014,Bolsa,11.9700,11.9700
12/4/2014,Casas de cambio,8.5500,8.4400
12/4/2014,Informal,13.0500,12.9800
12/4/2014,Bolsa,12.0400,12.0400
12/5/2014,Casas de cambio,8.5500,8.5100
12/5/2014,Informal,12.7800,12.5800
12/5/2014,Bolsa,12.0300,12.0300
12/10/2014,Casas de cambio,8.5600,8.4700
12/10/2014,Informal,12.7600,12.5600
12/10/2014,Bolsa,11.6000,11.6000
12/12/2014,Casas de cambio,8.5500,8.4700
12/12/2014,Informal,12.8000,12.6900
12/12/2014,Bolsa,11.7700,11.7700
12/15/2014,Casas de cambio,8.5500,8.4600
12/15/2014,Informal,13.2000,13.0000
12/15/2014,Bolsa,11.6300,11.6300
12/16/2014,Casas de cambio,8.5500,8.4700
12/16/2014,Informal,13.1500,13.0000
12/16/2014,Bolsa,11.7200,11.7200
12/17/2014,Casas de cambio,8.5500,8.4600
12/17/2014,Informal,13.1000,12.5000
12/17/2014,Bolsa,11.7600,11.7600
12/18/2014,Casas de cambio,8.5600,8.5200
12/18/2014,Informal,13.1800,13.0500
12/18/2014,Bolsa,11.8500,11.8500
12/19/2014,Casas de cambio,8.5700,8.5300
12/19/2014,Informal,13.1800,13.1500
12/19/2014,Bolsa,11.7400,11.7400
12/23/2014,Casas de cambio,8.5700,8.5300
12/23/2014,Informal,13.4000,13.1700
12/23/2014,Bolsa,11.7700,11.7700
12/29/2014,Casas de cambio,8.5500,8.5300
12/29/2014,Informal,13.7300,13.7100
12/29/2014,Bolsa,11.6400,11.6400
12/30/2014,Casas de cambio,8.5500,8.5300
12/30/2014,Informal,13.7300,13.7100
12/30/2014,Bolsa,11.6400,11.6400
1/2/2015,Casas de cambio,8.5500,8.5300
1/2/2015,Informal,13.8500,13.7100
1/2/2015,Bolsa,12.0000,11.6400
1/6/2015,Casas de cambio,8.5500,8.5300
1/6/2015,Informal,13.7800,13.6500
1/6/2015,Bolsa,12.2600,11.6400
1/7/2015,Casas de cambio,8.5500,8.5300
1/7/2015,Informal,13.8500,13.8000
1/7/2015,Bolsa,12.2600,12.2600
1/8/2015,Casas de cambio,8.5700,8.5300
1/8/2015,Informal,13.9000,13.7000
1/8/2015,Bolsa,12.3100,12.3100
1/9/2015,Casas de cambio,8.5900,8.5700
1/9/2015,Informal,13.7700,13.7500
1/9/2015,Bolsa,12.3000,12.3000
1/12/2015,Casas de cambio,8.5900,8.5700
1/12/2015,Informal,13.7000,13.6500
1/12/2015,Bolsa,12.4300,12.4300
1/13/2015,Casas de cambio,8.5900,8.5700
1/13/2015,Informal,13.5600,13.3000
1/13/2015,Bolsa,12.5300,12.5300
1/14/2015,Casas de cambio,8.6000,8.5700
1/14/2015,Informal,13.6000,13.4000
1/14/2015,Bolsa,12.9000,12.9000
1/15/2015,Casas de cambio,8.6000,8.5700
1/15/2015,Informal,13.6200,13.5700
1/15/2015,Bolsa,12.6400,12.6400
1/21/2015,Casas de cambio,8.6200,8.5700
1/21/2015,Informal,13.6000,13.4000
1/21/2015,Bolsa,12.3900,12.3900
1/26/2015,Casas de cambio,8.6200,8.5700
1/26/2015,Informal,13.6500,13.4000
1/26/2015,Bolsa,12.4600,12.4600
